title,author,runtime
Murtagh,Christopher Paolini,Length: 18 hrs
The Captain,Will Wight,Length: Not Yet Known
"Right Man, Right Time",Meghan Quinn,Length: 12 hrs and 39 mins
Dragon's Justice 6,Bruce Sentar,Length: 10 hrs and 44 mins
Feral Wolf,Caroline Peckham,Length: 11 hrs and 34 mins
A Game of Malice and Greed,Caroline Peckham,Length: 25 hrs and 50 mins
Dirty Laundry,Richard Pink,Length: 4 hrs and 2 mins
Rise of the Weakest Summoner: Volumes I-III Omnibus,J. R. Saileri,Length: 28 hrs and 43 mins
I Will Find You,Harlan Coben,Length: 10 hrs and 16 mins
Mark of the Fool 3,J.M. Clarke,Length: 22 hrs and 51 mins
Defiance of the Fall 9,TheFirstDefier,Length: 22 hrs and 34 mins
This Young Master's Mother Is Mighty,D.C. Haenlien,Length: 14 hrs and 21 mins
"Portal to Nova Roma: The Rhine, Book 3",J.R. Mathews,Length: 25 hrs and 24 mins
Dirty Thirty,Janet Evanovich,Length: 8 hrs
Magical Midlife Alliance,K.F. Breene,Length: 11 hrs and 26 mins
Stain,Neven Iliev,Length: 16 hrs and 34 mins
Magi Guard,Daniel Schinhofen,Length: 13 hrs and 2 mins
How to Defy a Vampire,Alice Winters,Length: 9 hrs and 52 mins
One for the Ages,JD Kirk,Length: 11 hrs and 32 mins
Toe the Line,Penelope Ward,Length: 8 hrs and 9 mins
Code Red,Vince Flynn,Length: 9 hrs and 30 mins
Forge Master,Seth Ring,Length: 14 hrs and 38 mins
The Medici Manuscript,C.J. Archer,Length: 7 hrs and 59 mins
BattleTech: No Greater Honor,John Helfers,Length: 11 hrs and 12 mins
Prince of Lies,Lucy Lennox,Length: 10 hrs and 26 mins
Poison Roses,Tate James,Length: 8 hrs and 25 mins
Never Marry Your Brother's Best Friend,Lauren Landish,Length: 11 hrs and 25 mins
The Rising,Jodi Ellen Malpas,Length: 21 hrs and 32 mins
Foul Play,Helena Marchmont,Length: 2 hrs and 57 mins
Never Shall I Fail,Jason Anspach,Length: 11 hrs and 15 mins
Saved,Benjamin Hall,Length: 8 hrs and 23 mins
Loving Whiskey,Brittanee Nicole,Length: 12 hrs and 17 mins
Jungle World,B.V. Larson,Length: 13 hrs and 59 mins
The Lord Ruler,Alvin Atwater,Length: 17 hrs and 39 mins
Rocked by Love: The Bradens & Montgomerys,Melissa Foster,Length: 13 hrs and 14 mins
Scaling People,Claire Hughes Johnson,Length: 11 hrs and 32 mins
When He's Torn,Suzanne Wright,Length: 11 hrs
Oscar Wars,Michael Schulman,Length: 21 hrs
Two Weeks Notice,Amy Porterfield,Length: 7 hrs and 38 mins
Satan's Affair,H. D. Carlton,Length: 5 hrs and 47 mins
UFO of God,Chris Bledsoe,Length: 7 hrs and 52 mins
Only the Dead,Jack Carr,Length: 12 hrs
The New Guy,Sarina Bowen,Length: 9 hrs and 49 mins
(ISC)2 CISSP Certified Information Systems Security Professional Official Study Guide 9th Edition,Mike Chapple,Length: 65 hrs and 38 mins
Stolen Youth,Karol Markowicz,Length: 9 hrs and 5 mins
Pathways to Peace of Mind,Napoleon Hill,Length: 4 hrs and 23 mins
For Her Consideration,Amy Spalding,Length: 11 hrs and 18 mins
Frame: On Self Actualization for the Modern Man,Rian Stone,Length: 6 hrs and 22 mins
Outlive,Peter Attia MD,Length: 17 hrs and 7 mins
Powerless,Elsie Silver,Length: 10 hrs and 25 mins
Silver Master,Jayne Castle,Length: 9 hrs and 37 mins
The White Pill,Michael Malice,Length: 9 hrs and 11 mins
Until You,K. Bromberg,Length: 8 hrs and 27 mins
Annoyed at First Sight,Lani Lynn Vale,Length: 5 hrs and 41 mins
Heart of Sherwood,Edale Lane,Length: 13 hrs and 54 mins
Don't Let Me Break,Kelsie Rae,Length: 10 hrs and 19 mins
The Ravenglass Chronicles: Complete Omnibus,Jon Cronshaw,Length: 40 hrs and 58 mins
Conspiracy of Dragons,Louisa Masters,Length: 7 hrs and 17 mins
When a Moth Loved a Bee,Pepper Winters,Length: 24 hrs and 27 mins
Fateless: Book One,Martin McKenzie,Length: 18 hrs and 58 mins
Saffron Wilds,Kai Butler,Length: 12 hrs and 48 mins
Herald of Wind,Matthew Wolf,Length: 44 hrs and 46 mins
Cómo piensan los ricos,Morgan Housel,Length: 7 hrs and 2 mins
Dangerous Jesus,Kevin Burgess,Length: 7 hrs and 11 mins
My So-Called Sex Life,Lauren Blakely,Length: 8 hrs and 2 mins
Cast the First Crone,Amanda M. Lee,Length: 8 hrs and 52 mins
Unraveling Destiny,Amelia Hutchins,Length: 10 hrs and 55 mins
A Long Time Coming,Meghan Quinn,Length: 12 hrs and 22 mins
Esrahaddon,Michael J. Sullivan,Length: Not Yet Known
Lunatic,Onley James,Length: 7 hrs and 49 mins
Double Dose,Gretchen Archer,Length: 8 hrs and 14 mins
The Family Jewels,Caimh McDonnell,Length: 10 hrs and 9 mins
The Path of Ascension 2,C. Mantis,Length: 17 hrs and 38 mins
The Vow,Maggie Cole,Length: 9 hrs and 37 mins
Destiny of a Prince,R.K. Lander,Length: 29 hrs and 52 mins
Whiskey Lies,Brittanee Nicole,Length: 11 hrs and 48 mins
Now You See Me,D.K. Hood,Length: 7 hrs and 43 mins
The Black Farm,Elias Witherow,Length: 9 hrs and 39 mins
Nurture,Erica Chidi,Length: 11 hrs and 33 mins
Backpacking Through Bedlam,Seanan McGuire,Length: 12 hrs and 54 mins
Reclusive Mage,Inadvisably Compelled,Length: 12 hrs and 27 mins
The Secret Life of Sunflowers,Marta Molnar,Length: 9 hrs and 52 mins
Forest of Foes,Matthew Harffy,Length: 14 hrs and 28 mins
Imperium Descent: Volume III,Christopher Hopper,Length: 10 hrs and 50 mins
The Sceptic,Lily Morton,Length: 11 hrs and 18 mins
The Snow Graves,Roger Stelljes,Length: 12 hrs and 49 mins
Blood Lovers,JA Huss,Length: 11 hrs and 9 mins
Not Accountable,Philip K. Howard,Length: 4 hrs and 4 mins
Butt-dialing the Billionaire,Annika Martin,Length: 10 hrs and 28 mins
League of Auld,Edward Savio,Length: 12 hrs and 46 mins
Every Shot Counts,Mark Broadie,Length: 6 hrs and 28 mins
Cannon,Sawyer Bennett,Length: 7 hrs and 44 mins
Prometheus Rising,Robert Anton Wilson,Length: 7 hrs and 57 mins
Lanegan,Greg Prato,Length: 8 hrs and 57 mins
Hope Street,Christopher Artinian,Length: 8 hrs and 45 mins
The Miracle of Flexibility,Miranda Esmonde-White,Length: 2 hrs and 36 mins
Living on the Inside of the Edge,Christian Kimball,Length: 9 hrs and 13 mins
The Three-Body Problem,Cixin Liu,Length: 14 hrs and 46 mins
"Dark Waters, Starry Skies",Jeffrey Cox,Length: 31 hrs and 15 mins
Twisted Secrets,Rachel Leigh,Length: 8 hrs and 44 mins
Ghost's Whisper,Ella Summers,Length: 10 hrs and 40 mins
Lucky in Lace,Melissa Brayden,Length: 11 hrs and 2 mins
Central Banking 101,Joseph J Wang,Length: 4 hrs and 49 mins
First Comes Blood,Lilith Vincent,Length: 8 hrs and 22 mins
A Praying Church,Paul E. Miller,Length: 7 hrs and 28 mins
My What If Year,Alisha Fernandez Miranda,Length: 7 hrs and 22 mins
Cherish,Tracy Wolff,Length: 19 hrs
Believing Me,Ingrid Clayton,Length: 7 hrs and 15 mins
Three Widows,Patricia Gibney,Length: 13 hrs and 45 mins
BCBA Exam Study Prep Crash Course,Linda Cooper,Length: 6 hrs and 14 mins
Grandmaster Arcanist,Shami Stovall,Length: 15 hrs and 13 mins
The Surprise,Kristen Proby,Length: 2 hrs and 4 mins
They're Lying,Liz Collin,Length: 5 hrs and 20 mins
A Match in the Making,Jen Turano,Length: 10 hrs and 4 mins
Battle Miner,Kirk Mason,Length: 9 hrs and 9 mins
"Secular, Sacred, Spirit",Blake K. Healy,Length: 3 hrs and 29 mins
What a Unicorn Knows,Matthew E. May,Length: 7 hrs and 44 mins
Both Feet in the Grave,Jeaniene Frost,Length: 10 hrs and 5 mins
Nantucket Homes,Pamela M. Kelley,Length: 5 hrs and 53 mins
How to Save the West,Spencer Klavan,Length: 6 hrs and 33 mins
What's Our Problem?,Tim Urban,Length: 13 hrs and 58 mins
The Mistress Next Door,Lesley Sanderson,Length: 8 hrs and 22 mins
Vicious Bonds,Shanora Williams,Length: 12 hrs and 24 mins
Dave the Villager 18: An Unofficial Minecraft Book,Dave Villager,Length: 1 hr and 42 mins
Lent,Esau McCaulley,Length: 1 hr and 51 mins
Shadows of Light,Brenda K. Davies,Length: 10 hrs and 33 mins
Payback in Death,J. D. Robb,Length: 13 hrs
The Dragon Twins: The Complete Series,Michelle Madow,Length: 23 hrs and 10 mins
Her Final Breath,Carolyn Arnold,Length: 8 hrs and 42 mins
The Black Cloud,Fred Hoyle,Length: 7 hrs and 53 mins
Courage to Stand,Ginny Dye,Length: 16 hrs and 6 mins
Deracine Sun,J.N. Chaney,Length: 8 hrs and 2 mins
The Tangled Treasure Trail,Benedict Brown,Length: 8 hrs and 3 mins
Spare,Prince Harry The Duke of Sussex,Length: 15 hrs and 39 mins
The Seven Husbands of Evelyn Hugo,Taylor Jenkins Reid,Length: 12 hrs and 10 mins
Burner,Mark Greaney,Length: 16 hrs and 37 mins
Only Bad Options,Jennifer Estep,Length: 12 hrs and 35 mins
Fraser,Susan May Warren,Length: 8 hrs and 38 mins
Shadow's Seventh Step,A. F. Kay,Length: 15 hrs and 38 mins
Angron: The Red Angel,David Guymer,Length: 10 hrs and 57 mins
Never Lie,Freida McFadden,Length: 7 hrs and 22 mins
Alt System,Tom Larcombe,Length: 13 hrs and 25 mins
Happy Place,Emily Henry,Length: Not Yet Known
Forevermore,Dannika Dark,Length: 3 hrs and 30 mins
Unexpected,Chris Thomas,Length: 9 hrs and 25 mins
Confrontations,Jacques Vallee,Length: 8 hrs and 37 mins
A Contracted Spouse for the Prizefighter,Alice Coldbreath,Length: 15 hrs and 43 mins
Heartless,Elsie Silver,Length: 9 hrs and 51 mins
Rocky Start,Annabeth Albert,Length: 9 hrs and 20 mins
Queen Charlotte,Julia Quinn,Length: 12 hrs
At the Left Hand of God,Dr. Robert Svoboda,Length: 11 hrs and 34 mins
Trolled,Lindsay Buroker,Length: 9 hrs and 6 mins
The End and the Death: Volume 1,Dan Abnett,Length: 18 hrs and 33 mins
King of the Shadow Fae,Amelia Hutchins,Length: 8 hrs and 32 mins
Glucose Goddess Method,Jessie Inchauspe,Length: 3 hrs
Wyoming Wild,Sarah M. Eden,Length: 7 hrs and 32 mins
Optimize Your Health with Therapeutic Peptides,Jay Campbell,Length: 3 hrs and 1 min
Mistress of Mellyn,Victoria Holt,Length: 8 hrs and 49 mins
The Hole We're In,Gabrielle Zevin,Length: 9 hrs and 2 mins
The 6 Types of Working Genius,Patrick M. Lencioni,Length: 4 hrs and 11 mins
The Inmate,Freida McFadden,Length: 8 hrs and 5 mins
Delete the Adjective,Lisa Jaster,Length: 6 hrs and 2 mins
The Awe of God,John Bevere,Length: 7 hrs and 28 mins
Imagine Big,Terri Savelle Foy,Length: 5 hrs and 47 mins
Their Resting Place,B.R. Spangler,Length: 7 hrs and 59 mins
Killing the Witches,Bill O'Reilly,Length: 10 hrs
Drive with Me To: California DMV Handbook,Driversland Driversland,Length: 4 hrs and 48 mins
Good Power,Ginni Rometty,Length: 9 hrs and 24 mins
Monroe Doctrine: Volume VI,James Rosone,Length: 9 hrs and 54 mins
Wool,Hugh Howey,Length: 15 hrs
Storm Watch,C. J. Box,Length: 9 hrs and 4 mins
Drama Free,Nedra Glover Tawwab,Length: 7 hrs and 36 mins
Mark of the Fool,J.M. Clarke,Length: 19 hrs
"Mud, Blood, and Magic",A. D. Krabis,Length: 14 hrs and 17 mins
Flawless,Elsie Silver,Length: 9 hrs and 44 mins
Flowers for the Devil,Vlad Kahany,Length: 11 hrs and 28 mins
Lowcountry Getaway,Susan M. Boyer,Length: 4 hrs and 46 mins
Can't Say Goodbye,Eden Finley,Length: 8 hrs and 5 mins
(Not) the One,Donna Alam,Length: 11 hrs and 40 mins
Vanished in Vermillion,Lou Raguse,Length: 9 hrs and 40 mins
Holly,Stephen King,Length: 16 hrs
The Prince Goes Nuclear,Matthew Howry,Length: 11 hrs and 52 mins
Monsters and How to Tame Them,Kevin Hart,Length: 5 hrs and 37 mins
For Blood and Money,Nathan Vardi,Length: 8 hrs and 33 mins
Magitech Chronicles Omnibus,Chris Fox,Length: 108 hrs and 51 mins
Little Bird,Ria Wilde,Length: 6 hrs and 18 mins
Star Wars Jedi: Battle Scars,Sam Maggs,Length: 10 hrs and 28 mins
Lassiter,J.R. Ward,Length: 15 hrs
Children of Time,Adrian Tchaikovsky,Length: 16 hrs and 31 mins
The Secret,Rhonda Byrne,Length: 4 hrs and 24 mins
The Great Gatsby,F. Scott Fitzgerald,Length: 4 hrs and 49 mins
The Surgeon,Leslie Wolfe,Length: 10 hrs and 46 mins
Dragon,Kat Blackthorne,Length: 10 hrs and 14 mins
Tears of Liscor,pirateaba,Length: 42 hrs and 3 mins
You're That Bitch,Bretman Rock,Length: 6 hrs and 26 mins
A Damn Near Perfect Game,Joe Kelly,Length: 6 hrs and 51 mins
Glow,Raven Kennedy,Length: 22 hrs and 40 mins
Dark Angel,John Sandford,Length: 11 hrs and 7 mins
One Girl in All the World,Kendare Blake,Length: 10 hrs and 31 mins
Dukes of Peril,Angel Lawson,Length: 19 hrs and 13 mins
Unscripted,James B. Stewart,Length: 12 hrs and 23 mins
Pen Pal,J.T. Geissinger,Length: 7 hrs and 54 mins
Smolder,Laurell K. Hamilton,Length: 11 hrs and 14 mins
"You Can't Kiss the Nanny, Brady Banks",Piper Rayne,Length: 6 hrs and 24 mins
Broken Interface - Kernel,Alex Kozlowski,Length: 22 hrs and 39 mins
Snow Leopard,Category Pirates,Length: 7 hrs and 26 mins
The Light We Carry,Michelle Obama,Length: 9 hrs and 59 mins
Haunting Adeline,H. D. Carlton,Length: 15 hrs and 44 mins
Stop Overthinking Your Relationship,Alicia Muñoz LPC,Length: 7 hrs and 22 mins
The Serpent and the Wings of Night,Carissa Broadbent,Length: 14 hrs and 50 mins
The Answer to Anxiety,Joyce Meyer,Length: 3 hrs
All Hallows,Christopher Golden,Length: 10 hrs and 46 mins
He Who Fights with Monsters 9,Shirtaloon,Length: 30 hrs and 20 mins
Deadly Force,Massad Ayoob,Length: 10 hrs and 4 mins
Bastard,Alexey Osadchuk,Length: 9 hrs and 37 mins
The Urgent Life,Bozoma Saint John,Length: 7 hrs and 56 mins
"I, Human",Tomas Chamorro-Premuzic,Length: 4 hrs and 56 mins
Wanderlust,Reid Mitenbuler,Length: 19 hrs and 13 mins
Ravaged Throne,Nicole Fox,Length: 9 hrs and 53 mins
A Hacker's Mind,Bruce Schneier,Length: 8 hrs and 3 mins
One True Loves,Taylor Jenkins Reid,Length: 8 hrs and 5 mins
Eragon,Christopher Paolini,Length: 16 hrs and 22 mins
The Hitchhiker's Guide to the Galaxy,Douglas Adams,Length: 5 hrs and 51 mins
The Handmaid's Tale,Margaret Atwood,Length: 11 hrs and 1 min
Why We Sleep,Matthew Walker,Length: 13 hrs and 52 mins
Dark Matter,Blake Crouch,Length: 10 hrs and 8 mins
Good to Great,Jim Collins,Length: 10 hrs and 1 min
The Simple Path to Wealth,JL Collins,Length: 6 hrs and 38 mins
A Vow of Lust and Fury,LP Lovell,Length: 8 hrs and 1 min
Empath And Narcissist,Lisa Kennedy,Length: 20 hrs and 32 mins
Irish Knit Murder,Peggy Ehrhart,Length: 9 hrs and 18 mins
Confederacy of Fear,Blaine Pardoe,Length: 15 hrs and 15 mins
Sapiens,Yuval Noah Harari,Length: 15 hrs and 18 mins
Start with Why,Simon Sinek,Length: 7 hrs and 18 mins
"Boundaries, Updated and Expanded Edition",John Townsend,Length: 11 hrs and 18 mins
The Song of Achilles,Madeline Miller,Length: 11 hrs and 15 mins
The Devil in the White City,Erik Larson,Length: 14 hrs and 58 mins
Real-Time Leadership,David Noble,Length: 9 hrs and 49 mins
Quantum Radio,A.G. Riddle,Length: 14 hrs and 59 mins
The Lightning Thief,Rick Riordan,Length: 10 hrs and 2 mins
Empire of Storms,Sarah J. Maas,Length: 25 hrs and 18 mins
Rogue,Elle Kennedy,Length: 12 hrs and 16 mins
Icebreaker,Hannah Grace,Length: 13 hrs and 23 mins
You've Lost a Lot of Blood,Eric LaRocca,Length: 4 hrs
The Guest Lecture,Martin Riker,Length: 5 hrs and 49 mins
Facets of Revolution,T. A. White,Length: 20 hrs and 21 mins
Dungeons & Dragons: Honor Among Thieves: The Road to Neverwinter,Jaleigh Johnson,Length: 9 hrs and 18 mins
"A sus órdenes, mi general [At Your Command, My General]",J. Jesús Esquivel,Length: 4 hrs and 45 mins
The Cloud Revolution,Mark P. Mills,Length: 17 hrs and 15 mins
It Didn't Start with You,Mark Wolynn,Length: 8 hrs and 16 mins
Your Weight Is Not the Problem,Lyndi Cohen,Length: 9 hrs and 37 mins
Luke,Adam Hamilton,Length: 5 hrs and 39 mins
The Housemaid's Secret,Freida McFadden,Length: 9 hrs and 44 mins
Aprende Inglés Mientras Duermes [Learn English While You Sleep],Sleeping Learning Audio,Length: 25 hrs and 55 mins
The Cabinet of Dr. Leng,Douglas Preston,Length: 14 hrs and 24 mins
While Time Remains,Yeonmi Park,Length: 6 hrs and 28 mins
Brain Energy,Christopher M. Palmer MD,Length: 12 hrs and 18 mins
Walk the Blue Line,James Patterson,Length: 8 hrs and 17 mins
The Lost Hero,Rick Riordan,Length: 16 hrs and 33 mins
The Levee,William Kent Krueger,Length: 3 hrs and 36 mins
Certified Information Security Manager CISM Study Guide,Mike Chapple PhD CISM,Length: 19 hrs and 21 mins
Dead Fall,Brad Thor,Length: 10 hrs and 30 mins
The Numbers,Nick Pirog,Length: 9 hrs and 32 mins
Murder Your Employer,Rupert Holmes,Length: 14 hrs and 13 mins
The Obstacle Is the Way,Ryan Holiday,Length: 4 hrs and 38 mins
Into the Headwinds,Terryl Givens,Length: 3 hrs and 41 mins
Fast Like a Girl,Dr. Mindy Pelz,Length: 8 hrs and 13 mins
From Hoping to Having,Julie Poole,Length: 8 hrs and 47 mins
Dragon's Mage,James Haddock,Length: 6 hrs and 22 mins
Death's Cathedral,Ian Fortey,Length: 7 hrs and 26 mins
A Sinister Revenge,Deanna Raybourn,Length: 12 hrs and 3 mins
No Deal,J.D. Allen,Length: 7 hrs and 2 mins
All of Me: The Complete Series,Siobhan Davis,Length: 36 hrs and 17 mins
Urchin,Mark Goodwin,Length: 8 hrs and 14 mins
I Am Debra Lee,Debra Lee,Length: 9 hrs and 8 mins
In a Jam,Kate Canterbary,Length: 15 hrs and 54 mins
The Emotional Lives of Teenagers,Lisa Damour Ph.D.,Length: 6 hrs and 15 mins
In the Frame,Matthew Costello,Length: 3 hrs and 10 mins
A Score to Settle,Matthew Costello,Length: 3 hrs and 18 mins
Dempsey,Brian Andrews,Length: 12 hrs and 14 mins
Luca,Grey Huffington,Length: 10 hrs and 39 mins
Murder Book,Thomas Perry,Length: 11 hrs and 35 mins
Paris,Paris Hilton,Length: 8 hrs and 22 mins
The Doctor's Wife,Daniel Hurst,Length: 7 hrs and 20 mins
The Silence of Unworthy Gods,Andrew Rowe,Length: 20 hrs and 43 mins
The Art of Embodiment for Men,GS Youngblood,Length: 5 hrs and 50 mins
The Whole-Brain Child,Daniel J. Siegel,Length: 6 hrs and 14 mins
We Are Electric,Sally Adee,Length: 10 hrs and 22 mins
Extreme Ownership,Jocko Willink,Length: 9 hrs and 33 mins
The Nightingale,Kristin Hannah,Length: 17 hrs and 19 mins
Born a Crime,Trevor Noah,Length: 8 hrs and 44 mins
The Witching Hour,Anne Rice,Length: 50 hrs and 1 min
The Intelligent Investor Rev Ed.,Benjamin Graham,Length: 17 hrs and 48 mins
Empire of the Summer Moon,S. C. Gwynne,Length: 15 hrs and 9 mins
"The 4-Hour Workweek: Escape 9-5, Live Anywhere, and Join the New Rich (Expanded and Updated)",Timothy Ferriss,Length: 13 hrs and 1 min
The Obesity Code,Dr. Jason Fung,Length: 10 hrs and 9 mins
A Short History of Nearly Everything,Bill Bryson,Length: 18 hrs and 13 mins
A Gentleman in Moscow,Amor Towles,Length: 17 hrs and 52 mins
Brutal Billionaire,Laurelin Paige,Length: 13 hrs and 9 mins
Rowan,Robin D. Mahle,Length: 32 hrs and 40 mins
The Essays of Warren Buffett,Lawrence A. Cunningham,Length: 15 hrs and 32 mins
How Far Do You Want to Go?,John Catsimatidis,Length: 8 hrs and 7 mins
How to Win Friends & Influence People,Dale Carnegie,Length: 7 hrs and 15 mins
Never Split the Difference,Chris Voss,Length: 8 hrs and 7 mins
Think and Grow Rich,Napoleon Hill,Length: 9 hrs and 35 mins
Dune,Frank Herbert,Length: 21 hrs and 2 mins
A Dance with Dragons,George R.R. Martin,Length: 48 hrs and 55 mins
We Are Legion (We Are Bob),Dennis E. Taylor,Length: 9 hrs and 56 mins
Ready Player One,Ernest Cline,Length: 15 hrs and 40 mins
The Total Money Makeover,Dave Ramsey,Length: 3 hrs and 41 mins
Standing Dead,Margaret Mizushima,Length: 9 hrs and 38 mins
Slip Runner,J.N. Chaney,Length: 8 hrs and 18 mins
Archer's Voice,Mia Sheridan,Length: 11 hrs and 7 mins
Hell Divers X: Fallout,Nicholas Sansbury Smith,Length: 12 hrs and 58 mins
Demon Blade,R. L. King,Length: 16 hrs and 9 mins
Scattered Minds,Gabor Maté MD,Length: 10 hrs and 59 mins
Fahrenheit 451,Ray Bradbury,Length: 5 hrs and 1 min
As a Man Thinketh,James Allen,Length: 55 mins
One Second After,William R. Forstchen,Length: 13 hrs and 17 mins
Killers of the Flower Moon,David Grann,Length: 9 hrs and 4 mins
In Order to Live,Yeonmi Park,Length: 9 hrs and 37 mins
The School of Greatness,Lewis Howes,Length: 6 hrs and 39 mins
The Magic of Thinking Big,David Schwartz,Length: 9 hrs and 31 mins
World War Z: The Complete Edition,Max Brooks,Length: 12 hrs and 9 mins
A Feast for Crows,George R.R. Martin,Length: 33 hrs and 51 mins
Savage Bonds,J Bree,Length: 10 hrs and 30 mins
The Power to Change,Craig Groeschel,Length: 5 hrs and 42 mins
Codependent No More,Melody Beattie,Length: 8 hrs and 42 mins
An Endeavour to Be Worthy,L.L. Diamond,Length: 9 hrs and 13 mins
Principles,Ray Dalio,Length: 16 hrs and 5 mins
Start Your Notary Public & Loan Signing Agent Business,LSAUSA Education,Length: 3 hrs and 32 mins
The Fine Print,Lauren Asher,Length: 11 hrs and 8 mins
The Auction,Maggie Cole,Length: 9 hrs and 54 mins
Jasper Vale,Devney Perry,Length: 9 hrs and 53 mins
Lord Farleigh and Miss Frost,Sally Britton,Length: 6 hrs and 59 mins
Dismount,Lucia Franco,Length: 13 hrs and 24 mins
Dark Light,Jayne Castle,Length: 8 hrs and 55 mins
Run on Red,Noelle West Ihli,Length: 7 hrs and 28 mins
The Rise and Fall of the Third Reich,William L. Shirer,Length: 57 hrs and 11 mins
Unbroken Bonds,J Bree,Length: 10 hrs and 49 mins
The Perfumist of Paris,Alka Joshi,Length: 11 hrs and 44 mins
Psycho Beasts,Jasmine Mas,Length: 15 hrs and 15 mins
Smoky Darling,S.J. Tilly,Length: 11 hrs and 5 mins
The Spirit of Harriet Tubman,Spring Washam,Length: 6 hrs and 26 mins
The Red Pyramid,Rick Riordan,Length: 14 hrs and 33 mins
The Courage to Be Free,Ron DeSantis,Length: 8 hrs and 59 mins
Hell Bent,Leigh Bardugo,Length: 16 hrs and 16 mins
Simply Lies,David Baldacci,Length: 11 hrs and 45 mins
Good Deeds,Kathryn Moon,Length: 7 hrs
I Married a Beast,Regine Abel,Length: 9 hrs and 16 mins
A Game of Hearts,Joanna Barker,Length: 11 hrs and 16 mins
Ryan Retribution,Sadie Kincaid,Length: 7 hrs and 5 mins
Tragic Bonds,J Bree,Length: 10 hrs and 4 mins
The Last Orphan,Gregg Hurwitz,Length: 11 hrs and 46 mins
Old Babes in the Wood,Margaret Atwood,Length: 8 hrs and 44 mins
Ghostly Game,Christine Feehan,Length: 11 hrs and 15 mins
Earth's First StarFighter,Han Yang,Length: 14 hrs and 28 mins
Valkyrie,Kris Michaels,Length: 7 hrs and 6 mins
Living Resistance,Kaitlin B. Curtice,Length: 5 hrs and 17 mins
Just as Deadly,Marissa A. Harrison,Length: 10 hrs and 39 mins
"The False Hero, Box Set 2",Michael Plymel,Length: 38 hrs and 41 mins
How Hitchens Can Save the Left,Matt Johnson,Length: 12 hrs and 38 mins
The House at the End of the World,Dean Koontz,Length: 10 hrs and 22 mins
Your Place or Mine?,Portia MacIntosh,Length: 7 hrs and 43 mins
Gunner,Dr. Rebecca Sharp,Length: 11 hrs and 8 mins
Skinwalkers at the Pentagon,James T. Lacatski DEng,Length: 6 hrs and 12 mins
The Alabaster Girl,Zan Perrion,Length: 18 hrs and 55 mins
Super Sales on Super Heroes 4,William D. Arand,Length: 12 hrs and 43 mins
Monumental: Harriet Tubman and Newark's Liberation Movement,Pia Wilson,Length: 1 hr and 10 mins
The Love Dare,Stephen Kendrick,Length: 5 hrs and 48 mins
Red Mars,Kim Stanley Robinson,Length: 23 hrs and 51 mins
The Master and Margarita,Mikhail Bulgakov,Length: 16 hrs and 52 mins
Rabbit,Patricia Williams,Length: 7 hrs and 23 mins
Boyd,Robert Coram,Length: 19 hrs and 41 mins
Into the Abyss,Carol Shaben,Length: 10 hrs and 1 min
Throttled,Lauren Asher,Length: 10 hrs and 21 mins
The Big Picture,Sean Carroll,Length: 17 hrs and 22 mins
Outliers,Malcolm Gladwell,Length: 7 hrs and 18 mins
Just Kids,Patti Smith,Length: 9 hrs and 50 mins
Good Boundaries and Goodbyes,Lysa TerKeurst,Length: 7 hrs and 27 mins
Twisted,Emily McIntire,Length: 10 hrs and 44 mins
The In-Laws,Laura Wolfe,Length: 10 hrs and 13 mins
Carnage,Sarah Bailey,Length: 9 hrs and 40 mins
Unfu*k Yourself,Gary John Bishop,Length: 3 hrs and 24 mins
Lasher,Anne Rice,Length: 28 hrs and 30 mins
Empty Theatre,Jac Jemc,Length: 12 hrs and 10 mins
The Woman Inside,Anna-Lou Weatherley,Length: 11 hrs and 19 mins
Fairy Cakes in Winter,Lane Hayes,Length: 4 hrs and 32 mins
The Night of the Party,Anna-Lou Weatherley,Length: 10 hrs and 12 mins
Objective Secure,Nick Lavery,Length: 8 hrs and 42 mins
Allegiant,Veronica Roth,Length: 11 hrs and 51 mins
Big Little Lies,Liane Moriarty,Length: 15 hrs and 55 mins
Life 3.0,Max Tegmark,Length: 13 hrs and 29 mins
Captivating,John Eldredge,Length: 8 hrs and 44 mins
Zen and the Art of Motorcycle Maintenance (Dramatised),Robert M. Pirsig,Length: 1 hr and 40 mins
Serpent Rising,Neven Paar,Length: 28 hrs and 40 mins
Based on a True Story,Norm Macdonald,Length: 7 hrs and 18 mins
The Sun Also Rises,Ernest Hemingway,Length: 7 hrs and 46 mins
The Last Party,Clare Mackintosh,Length: 13 hrs and 17 mins
The Time-Saving Mom,Crystal Paine,Length: 4 hrs and 44 mins
Romancing Mister Bridgerton,Julia Quinn,Length: 13 hrs and 17 mins
The Battle of the Labyrinth,Rick Riordan,Length: 10 hrs and 31 mins
Positive Affirmations for Black Men,Alexandra Adams,Length: 5 hrs and 30 mins
Dark Alliance Turbulent Waters,I. T. Lucas,Length: 8 hrs and 21 mins
Building a StoryBrand,Donald Miller,Length: 4 hrs and 56 mins
Kindred,Octavia E. Butler,Length: 10 hrs and 55 mins
The Boys in the Boat,Daniel James Brown,Length: 14 hrs and 24 mins
Algorithms to Live By,Brian Christian,Length: 11 hrs and 50 mins
The Tipping Point,Malcolm Gladwell,Length: 8 hrs and 34 mins
Girl in Pieces,Kathleen Glasgow,Length: 10 hrs and 42 mins
Eclipse,Stephenie Meyer,Length: 16 hrs and 26 mins
The Millionaire Fastlane: Crack the Code to Wealth and Live Rich for a Lifetime,MJ DeMarco,Length: 12 hrs and 46 mins
Recovery,Russell Brand,Length: 7 hrs and 50 mins
Gone Girl,Gillian Flynn,Length: 19 hrs and 57 mins
The Speed of Trust,Stephen M. R. Covey,Length: 12 hrs and 13 mins
The Outsiders,S. E. Hinton,Length: 5 hrs and 9 mins
The Deal,Elle Kennedy,Length: 12 hrs and 26 mins
The Seven Spiritual Laws of Success,Deepak Chopra MD,Length: 1 hr and 26 mins
The Monk Who Sold His Ferrari,Robin Sharma,Length: 6 hrs and 34 mins
The Universe Has Your Back,Gabrielle Bernstein,Length: 4 hrs and 30 mins
Giovanni's Room,James Baldwin,Length: 6 hrs and 49 mins
Mindsight,Daniel J. Siegel,Length: 11 hrs and 45 mins
The Magician King,Lev Grossman,Length: 15 hrs and 49 mins
Scrappy Little Nobody,Anna Kendrick,Length: 6 hrs
"Epic Content Marketing, Second Edition",Joe Pulizzi,Length: 9 hrs and 45 mins
Cannery Row,John Steinbeck,Length: 5 hrs and 59 mins
Every Good Endeavor,Timothy Keller,Length: 7 hrs and 55 mins
"Tinker, Tailor, Soldier, Spy",John le Carré,Length: 12 hrs and 49 mins
How I Raised Myself from Failure to Success in Selling,Frank Bettger,Length: 6 hrs and 15 mins
Sideways Stories from Wayside School,Louis Sachar,Length: 2 hrs and 26 mins
Nuclear War Survival,David Kobler,Length: 1 hr and 19 mins
The Gospel of J. Edgar Hoover,Lerone A. Martin,Length: 12 hrs and 34 mins
"If This Book Exists, You're in the Wrong Universe",Jason Pargin,Length: 14 hrs and 25 mins
Romancing Mister Bridgerton,Julia Quinn,Length: 13 hrs and 17 mins
The Battle of the Labyrinth,Rick Riordan,Length: 10 hrs and 31 mins
Positive Affirmations for Black Men,Alexandra Adams,Length: 5 hrs and 30 mins
Dark Alliance Turbulent Waters,I. T. Lucas,Length: 8 hrs and 21 mins
Building a StoryBrand,Donald Miller,Length: 4 hrs and 56 mins
Kindred,Octavia E. Butler,Length: 10 hrs and 55 mins
The Duke and I,Julia Quinn,Length: 12 hrs and 9 mins
The Boys in the Boat,Daniel James Brown,Length: 14 hrs and 24 mins
Algorithms to Live By,Brian Christian,Length: 11 hrs and 50 mins
The Tipping Point,Malcolm Gladwell,Length: 8 hrs and 34 mins
Girl in Pieces,Kathleen Glasgow,Length: 10 hrs and 42 mins
Eclipse,Stephenie Meyer,Length: 16 hrs and 26 mins
The Millionaire Fastlane: Crack the Code to Wealth and Live Rich for a Lifetime,MJ DeMarco,Length: 12 hrs and 46 mins
Recovery,Russell Brand,Length: 7 hrs and 50 mins
Gone Girl,Gillian Flynn,Length: 19 hrs and 57 mins
The Speed of Trust,Stephen M. R. Covey,Length: 12 hrs and 13 mins
The Outsiders,S. E. Hinton,Length: 5 hrs and 9 mins
The Deal,Elle Kennedy,Length: 12 hrs and 26 mins
The Seven Spiritual Laws of Success,Deepak Chopra MD,Length: 1 hr and 26 mins
The Monk Who Sold His Ferrari,Robin Sharma,Length: 6 hrs and 34 mins
The Universe Has Your Back,Gabrielle Bernstein,Length: 4 hrs and 30 mins
"Many Lives, Many Masters",Brian L. Weiss M.D.,Length: 1 hr and 28 mins
Wildflower,Drew Barrymore,Length: 7 hrs and 5 mins
Oh Crap! Potty Training,Jamie Glowacki,Length: 8 hrs and 4 mins
Captivate,Vanessa Van Edwards,Length: 7 hrs and 28 mins
Mother and Son,Dr. Emerson Eggerichs,Length: 8 hrs and 35 mins
A Walk in the Woods,Bill Bryson,Length: 9 hrs and 44 mins
Give and Take,Adam M. Grant PhD,Length: 11 hrs and 50 mins
Magpie Murders,Anthony Horowitz,Length: 15 hrs and 48 mins
Chasing Sunsets,Rachel Hanna,Length: 3 hrs and 47 mins
When Swords Fall Silent,Bryce O'Connor,Length: 15 hrs and 6 mins
Purity,Skyler Mason,Length: 6 hrs and 30 mins
The 40 Day Feast,Wendy Speake,Length: 7 hrs and 20 mins
Solenoid,Mircea Cărtărescu,Length: 34 hrs and 4 mins
Vow of Justice,Robin James,Length: 8 hrs and 35 mins
No More Lies,Rachel Abbott,Length: 11 hrs and 41 mins
The Phoenix Prophecy: Nova,Cara Clare,Length: 7 hrs and 3 mins
Promise Me Always,A.L. Jackson,Length: 12 hrs and 37 mins
Edin,Lily Mayne,Length: 13 hrs and 17 mins
Dark Invasion,Nathan Hystad,Length: 9 hrs and 22 mins
Toes Up in the Tulips,Dale Mayer,Length: 6 hrs and 11 mins
Black Candle Women,Diane Marie Brown,Length: 12 hrs and 13 mins
Legends & Lattes,Travis Baldree,Length: 7 hrs and 19 mins
El cuco de cristal [The Crystal Cuckoo],Javier Castillo,Length: 10 hrs and 57 mins
Between,L. L. Starling,Length: 32 hrs and 9 mins
Never Finished,David Goggins,Length: 11 hrs and 6 mins
The Holiday Home,Daniel Hurst,Length: 6 hrs and 49 mins
The Last Aether,Tessa Hale,Length: 6 hrs and 34 mins
Smart Brevity,Jim VandeHei,Length: 3 hrs and 1 min
The Never King,Nikki St. Crowe,Length: 4 hrs and 35 mins
Your Consent Is Not Required,Rob Wipond,Length: 13 hrs and 32 mins
Once Upon a Time in Pemberley,Summer Hanford,Length: 10 hrs and 56 mins
Energy Leadership,Bruce D Schneider,Length: 8 hrs and 41 mins
Split Scope,Mike Ryan,Length: 5 hrs and 16 mins
Murder at an Irish Bakery,Carlene O'Connor,Length: 9 hrs and 32 mins
The Power of One More,Ed Mylett,Length: 5 hrs and 19 mins
"Yes, and...",Richard Rohr OFM,Length: 12 hrs and 5 mins
A Light in the Flame,Jennifer L. Armentrout,Length: 26 hrs and 27 mins
Butterfly 4,Ashley Antoinette,Length: 11 hrs and 18 mins
Stone Age Hero,Quentin Kilgore,Length: 7 hrs and 10 mins
Firefly: Coup de Grâce,Una McCormack,Length: 11 hrs
The Shop Around the Corner,Anne-Marie Meyer,Length: 6 hrs and 40 mins
Faithful Unto Death,Caroline Graham,Length: 13 hrs and 12 mins
Medical Medium Brain Saver,Anthony William,Length: 29 hrs and 16 mins
A Cult of One,Richard Grannon,Length: 4 hrs and 31 mins
The Courage to Face Covid-19,John Leake,Length: 9 hrs and 57 mins
City of Likes,Jenny Mollen,Length: 7 hrs and 5 mins
The Last Aether,Tessa Hale,Length: 6 hrs and 34 mins
Smart Brevity,Jim VandeHei,Length: 3 hrs and 1 min
The Never King,Nikki St. Crowe,Length: 4 hrs and 35 mins
Your Consent Is Not Required,Rob Wipond,Length: 13 hrs and 32 mins
Once Upon a Time in Pemberley,Summer Hanford,Length: 10 hrs and 56 mins
Energy Leadership,Bruce D Schneider,Length: 8 hrs and 41 mins
Split Scope,Mike Ryan,Length: 5 hrs and 16 mins
Murder at an Irish Bakery,Carlene O'Connor,Length: 9 hrs and 32 mins
The Power of One More,Ed Mylett,Length: 5 hrs and 19 mins
"Yes, and...",Richard Rohr OFM,Length: 12 hrs and 5 mins
A Light in the Flame,Jennifer L. Armentrout,Length: 26 hrs and 27 mins
Butterfly 4,Ashley Antoinette,Length: 11 hrs and 18 mins
Stone Age Hero,Quentin Kilgore,Length: 7 hrs and 10 mins
Firefly: Coup de Grâce,Una McCormack,Length: 11 hrs
The Shop Around the Corner,Anne-Marie Meyer,Length: 6 hrs and 40 mins
Faithful Unto Death,Caroline Graham,Length: 13 hrs and 12 mins
Medical Medium Brain Saver,Anthony William,Length: 29 hrs and 16 mins
A Cult of One,Richard Grannon,Length: 4 hrs and 31 mins
The Courage to Face Covid-19,John Leake,Length: 9 hrs and 57 mins
City of Likes,Jenny Mollen,Length: 7 hrs and 5 mins
